"Id","Booked By","Date","Driver Name","Company Name","Rider Name","Pickup Location","Drop Location","Trip Details","Status"
"17","Manual Booking","2019-12-20 15:51 pm","jhon ","Admin","jhon","Vandiyur Mariamman Teppakulam, Meenakshi Nagar, Tamil Nadu 625009","Central Periyar Bus Stand, Periyar, Madurai Main, Madurai, Tamil Nadu 625001, India","---","Cancelled by AdminCancel Reason"
"16","Manual Booking","2019-12-19 15:45 pm","check ","Admin","Check","No 12/9, Santhosh Raj Plaza,3rd Floor, Subburaman Street, Gandhi Nagar, Shenoy Nagar, Madurai, Tamil Nadu 625020, India","Central Periyar Bus Stand, Periyar, Madurai Main, Madurai, Tamil Nadu 625001, India","","Scheduled"
"15","Manual Booking","2019-12-19 16:21 pm","jhon ","Admin","jhon","AH43, Meenakshi Nagar, Tamil Nadu 625009, India","Madurai - Pottapalayam - Kusavapatti Road, Manamadurai, Sivagangai, Pottapalayam, Tamil Nadu 630612, India","","Scheduled"
"14","Manual Booking","2019-12-19 15:22 pm","check ","Admin","Check","No 12/9, Santhosh Raj Plaza,3rd Floor, Subburaman Street, Gandhi Nagar, Shenoy Nagar, Madurai, Tamil Nadu 625020, India","Central Periyar Bus Stand, Periyar, Madurai Main, Madurai, Tamil Nadu 625001, India","","Trip cancelled by driver"
"13","Manual Booking","2019-12-19 13:18 pm","check ","Admin","uswe","Ranan Nagar, Madurai, Tamil Nadu 625020, India","Madurai, Tamil Nadu 625020, India","","Trip cancelled by driver"
"12","Manual Booking","2019-12-19 12:31 pm","check ","Admin","uswe","Ranan Nagar, Madurai, Tamil Nadu 625020, India","Madurai, Tamil Nadu 625020, India","","Completed"
"11","Manual Booking","2019-12-18 17:05 pm","shan ","Admin","Shanmuga","No 12/9, Santhosh Raj Plaza,3rd Floor, Subburaman Street, Gandhi Nagar, Shenoy Nagar, Madurai, Tamil Nadu 625020, India","Madurai, Tamil Nadu, India","","Completed"
"10","Manual Booking","2019-12-18 13:14 pm","check ","Admin","he","Ranan Nagar, Madurai, Tamil Nadu 625020, India","Madurai, Tamil Nadu 625020, India","","Completed"
"9","Schedule Booking","2019-12-18 11:18 am","Auto Assign ","-","he","Subburaman Street, Madurai, Tamil Nadu, Índia","Madurai North, Madurai, Tamil Nadu, Índia","---","Car Not Foundimmediate Request"
"9","Schedule Booking","2019-12-18 11:18 am","Auto Assign ","-","he","Subburaman Street, Madurai, Tamil Nadu, Índia","Madurai North, Madurai, Tamil Nadu, Índia","---","Car Not Foundimmediate Request"
"9","Schedule Booking","2019-12-18 11:18 am","Auto Assign ","-","he","Subburaman Street, Madurai, Tamil Nadu, Índia","Madurai North, Madurai, Tamil Nadu, Índia","---","Car Not Foundimmediate Request"
"9","Schedule Booking","2019-12-18 11:18 am","Auto Assign ","-","he","Subburaman Street, Madurai, Tamil Nadu, Índia","Madurai North, Madurai, Tamil Nadu, Índia","---","Car Not Foundimmediate Request"
"9","Schedule Booking","2019-12-18 11:18 am","Auto Assign ","-","he","Subburaman Street, Madurai, Tamil Nadu, Índia","Madurai North, Madurai, Tamil Nadu, Índia","---","Car Not Foundimmediate Request"
"9","Schedule Booking","2019-12-18 11:18 am","Auto Assign ","-","he","Subburaman Street, Madurai, Tamil Nadu, Índia","Madurai North, Madurai, Tamil Nadu, Índia","---","Car Not Foundimmediate Request"
"8","Schedule Booking","2019-12-21 11:24 am","Auto Assign ","-","Het","Azad Street, Madurai, Tamil Nadu, India","Kaliamman Street, Madurai, Tamil Nadu, India","---","Pending"
"7","Manual Booking","2019-12-17 21:19 pm","VtV ","Admin","Het","Kalavasal, Madurai, Tamil Nadu 625016, India","Central Periyar Bus Stand, Periyar, Madurai Main, Madurai, Tamil Nadu 625001, India","","Trip cancelled by driver"
"6","Schedule Booking","2019-12-18 08:28 am","Auto Assign ","-","Het","Subburaman Street, Madurai, Tamil Nadu, India","9th Street, Madurai, Tamil Nadu, India","---","Car Not Foundimmediate Request"
"5","Manual Booking","2019-12-17 19:42 pm","VtV ","Admin","Toy","Central Periyar Bus Stand, Periyar, Madurai Main, Madurai, Tamil Nadu 625001, India","Madurai, Tamil Nadu 625020, India","","Completed"
"4","Manual Booking","2019-12-17 19:17 pm","Auto Assign ","-","Toy","Central Periyar Bus Stand, Periyar, Madurai Main, Madurai, Tamil Nadu 625001, India","Kalavasal, Madurai, Tamil Nadu 625016, India","---","Completed"
"4","Manual Booking","2019-12-17 19:17 pm","test ","-","Toy","Central Periyar Bus Stand, Periyar, Madurai Main, Madurai, Tamil Nadu 625001, India","Kalavasal, Madurai, Tamil Nadu 625016, India","","Trip cancelled by driver"
"4","Manual Booking","2019-12-17 19:17 pm","Auto Assign ","-","Toy","Central Periyar Bus Stand, Periyar, Madurai Main, Madurai, Tamil Nadu 625001, India","Kalavasal, Madurai, Tamil Nadu 625016, India","---","Completed"
"4","Manual Booking","2019-12-17 19:17 pm","Auto Assign ","-","Toy","Central Periyar Bus Stand, Periyar, Madurai Main, Madurai, Tamil Nadu 625001, India","Kalavasal, Madurai, Tamil Nadu 625016, India","---","Completed"
"4","Manual Booking","2019-12-17 19:17 pm","test ","-","Toy","Central Periyar Bus Stand, Periyar, Madurai Main, Madurai, Tamil Nadu 625001, India","Kalavasal, Madurai, Tamil Nadu 625016, India","","Trip cancelled by driver"
"3","Schedule Booking","2019-12-17 18:49 pm","Auto Assign ","-","Toy","Azad Street, Madurai, Tamil Nadu, India","1st Main Street, Madurai, Tamil Nadu, India","---","Completed"
"3","Schedule Booking","2019-12-17 18:49 pm","VtV ","-","Toy","Azad Street, Madurai, Tamil Nadu, India","1st Main Street, Madurai, Tamil Nadu, India","","Completed"
"2","Schedule Booking","2019-12-17 18:00 pm","Auto Assign ","-","Toy","Subburaman Street, Madurai, Tamil Nadu, India","Kuruvikaran Road, Madurai, Tamil Nadu, India","---","Completed"
"2","Schedule Booking","2019-12-17 18:00 pm","VtV ","-","Toy","Subburaman Street, Madurai, Tamil Nadu, India","Kuruvikaran Road, Madurai, Tamil Nadu, India","","Cancelled"
"1","Schedule Booking","2019-12-17 17:59 pm","Auto Assign ","-","rider","6/11, Ranan Nagar, Madurai, Tamil Nadu 625020, India","No.142, Collector Office Rd, Rajakoor, Madurai, Tamil Nadu 625020, India","---","Cancelled by RiderCancel Reason"
